{
  "Waterfall_back": {
    "quaternion": [-0.07798528671264648, 0, 0, 0.9969545006752014],
    "scale": [0.170634463429451, 0.13555799424648285, 0.037881817668676376],
    "position": [0.09156076610088348, 0.4378834366798401, -0.13927675783634186]
  },
  "Waterfall_Middle": {
    "quaternion": [0, 0, 0, 1],
    "scale": [0.171309694647789, 0.16624484956264496, 0.11046463996171951],
    "position": [0.08683604747056961, 0.14525379240512848, -0.0712292492389679]
  },
  "Waterfall_Bottom": {
    "quaternion": [0, 0, 0, 1],
    "scale": [0.171309694647789, 0.029881278052926064, 0.24813516438007355],
    "position": [0.08683604747056961, -0.04426690936088562, 0.16026581823825836]
  },
  "Left_wall": {
    "quaternion": [0, 0, 0, 1],
    "scale": [0.03431517258286476, 0.3311665952205658, 0.23606479167938232],
    "position": [-0.10518383979797363, 0.2721625566482544, -0.0712292492389679]
  },
  "Right_wall_top": {
    "quaternion": [0, 0, 0, 1],
    "scale": [0.03431517258286476, 0.15155038237571716, 0.23606477677822113],
    "position": [0.2920714318752289, 0.44228971004486084, -0.0712292492389679]
  },
  "Right_wall_bottom": {
    "quaternion": [0, 0, 0, 1],
    "scale": [0.04372048377990723, 0.1713334619998932, 0.23606477677822113],
    "position": [0.2503381669521332, 0.12432478368282318, -0.0712292492389679]
  },
  "Rock_top": {
    "quaternion": [0, 0, -0.3134482502937317, 0.9496052861213684],
    "scale": [0.0516175851225853, 0.07546268403530121, 0.01058900449424982],
    "position": [0.0837719738483429, 0.5689273476600647, -0.11762651801109314]
  },
  "Rock_middle": {
    "quaternion": [0, 0, 0, 1],
    "scale": [0.06386105716228485, 0.06386105716228485, 0.06386105716228485],
    "position": [0.09840501099824905, 0.43044254183769226, -0.15017345547676086]
  },
  "Rock_right": {
    "quaternion": [0, 0, 0, 1],
    "scale": [0.06386105716228485, 0.06386105716228485, 0.06386105716228485],
    "position": [0.2979336977005005, 0.43044254183769226, -0.10722432285547256]
  },
  "Rock_Left": {
    "quaternion": [0, 0, 0, 1],
    "scale": [0.06386105716228485, 0.06386105716228485, 0.06386105716228485],
    "position": [-0.04551280289888382, 0.34624117612838745, -0.1315373182296753]
  }
}
